"conversation_id_str","created_at","favorite_count","full_text","id_str","image_url","in_reply_to_screen_name","lang","location","quote_count","reply_count","retweet_count","tweet_url","user_id_str","username"
"1477167933134671872","Sat Jan 01 06:40:54 +0000 2022","723","2022 teman-teman Peneliti dari KL yang digabung ke BRIN memulai afiliasi baru. Kemarin saya dikirimin potongan layar sosialisasinya. Jadi kedepan Peneliti akan menjadi Digital Nomad dengan model bekerja berbasis output. Peneliti tidak punya kantor dan hanya... https://t.co/NLybqwOS5A","1477167933134671872","https://pbs.twimg.com/media/FH_0Z6tXsAMYQ7t.jpg","","in","Munich, Bavaria","37","6","161","https://x.com/iaridlo/status/1477167933134671872","42561847","iaridlo"
"1524987232481726465","Fri May 13 05:37:43 +0000 2022","265","Alerta! Diduga anggota BRIMOB melakukan tindakan represif terhadap anggota PPPBS &amp; masyarakat di sekitar lahan (yang bahkan bukan anggota) dgn melakukan penangkapan &amp; pemukulan. Sejauh ini terkonfirmasi 1 orang mengalami luka robek di bagian kepala akibat diserang oleh aparat https://t.co/7DWuXvyMdJ","1524987232481726465","https://pbs.twimg.com/media/FSnXzLqWIAAuiPS.jpg","","in","di hati rakyat sesungguhnya","3","5","137","https://x.com/FraksiRakyatID/status/1524987232481726465","1305460511199248384","FraksiRakyatID"
"1477272975619465216","Sat Jan 01 13:38:18 +0000 2022","1202","Para peneliti Indonesia yg tersingkirkan akibat kebijakan BRIN bangkit dan bersatu tidak perlu jadi peneliti ASN bisa membangun institusi Riset Swasta atau tidak perlu bekerja di Indonesia. Peristiwa terulang ketika IPTN dikerdilkan banyak ahli pindah ke LN. Buka peluang baru. https://t.co/gvESsoNM8x","1477272975619465216","https://pbs.twimg.com/media/FIBT8SaUYAEALTQ.jpg","","in","Indonesia","29","137","262","https://x.com/drpriono1/status/1477272975619465216","1297362611026059269","drpriono1"
"1478008569161129986","Mon Jan 03 14:21:17 +0000 2022","3281","Akun BRIN ini lucu. Tertulis bergabung 2009 padahal BRIN ditetapkan baru 2021 sbg salah satu implementasinUU Ciptakerja. https://t.co/ioC24xR1ge","1478008569161129986","https://pbs.twimg.com/media/FILw8PRVIAEztJ-.jpg","","in","","135","492","928","https://x.com/msaid_didu/status/1478008569161129986","1117990249806721024","msaid_didu"
"1485565769761140743","Mon Jan 24 10:50:54 +0000 2022","218","Indonesian Coast Guard (Bakamla) ships are now equipped with Aselsan SMASH 30mm RCWS. 3 ships are equipped with RCWS : - KN Tanjung Datu - KN Pulau Nipah - KN Pulau Marore : https://t.co/9tbhjuGYTK https://t.co/rHrbWVFQH6","1485565769761140743","https://pbs.twimg.com/media/FJ3KL2GacAgKZSA.jpg","","en","Denpasar Selatan, Indonesia","3","13","36","https://x.com/defenceview_id/status/1485565769761140743","1280531173404372992","defenceview_id"
"1527338556901183488","Thu May 19 17:21:03 +0000 2022","2968","Just IN: China has suggested expansion of BRICS looks forward to Pakistan Turkey Malaysia Indonesia being part of BRICS.","1527338556901183488","","","en","South Asia","59","64","503","https://x.com/SouthAsiaIndex/status/1527338556901183488","1206557922546913287","SouthAsiaIndex"
"1479054493375361035","Thu Jan 06 11:37:25 +0000 2022","655","Tidak Pancasilais https://t.co/OGLKd9GazZ Tidak ada surat juga jadi lisan begitu saja dari pihak BRIN cuma ngomong bahwa tanggal 1 (Januari 2022 kami) harus hengkang semuanya. Ya sudah begitu saja ucap Andika.","1479054493375361035","","","in","Kizuki-3 Chome","25","45","291","https://x.com/aik_arif/status/1479054493375361035","218665104","aik_arif"
"1491843251820584971","Thu Feb 10 18:35:22 +0000 2022","563","IRONIS Anggaran Belanja hibah Trilyunan rupiah (hibah puluhan milyar untuk para ORMAS). Trilyunan rupiah untuk Proyek Borju Formula E. ribuan balita di DKI Jakarta mengalami gizi buruk..!! https://t.co/OmG2oRmD0T","1491843251820584971","https://pbs.twimg.com/media/FLQXhyJUYA8kXN-.jpg","","in","DKI Jakarta, Indonesia","23","62","159","https://x.com/RD_4WR1212/status/1491843251820584971","1171433222812520448","RD_4WR1212"
"1480546636212305920","Mon Jan 10 14:26:39 +0000 2022","235","Astaga baru sadar si cantik gemesin ini ternyata yang main di Itaewon class?!?!?!? Buseeeeet pangling bener.. https://t.co/x3jPkREPzu","1480546636212305920","https://pbs.twimg.com/media/FIv1Tm3UYAMMSdH.jpg","","in","BELI BUKUKU DI SINI üëâüèª","13","31","17","https://x.com/briankhrisna/status/1480546636212305920","775011194","briankhrisna"
"1515510847484792832","Sun Apr 17 13:15:55 +0000 2022","610","@RyuDeka satu lagi yang gak bikin kalah bangga rich brian from Jakarta Indonesia. he's proud of where he's from. https://t.co/tVvRpuLZY7","1515680455680475147","https://pbs.twimg.com/ext_tw_video_thumb/1515680411120066563/pu/img/4I2i9QwHot-mRKxK.jpg","RyuDeka","in","Ujung Harapan","5","5","105","https://x.com/purpleiceLA/status/1515680455680475147","560211090","purpleiceLA"
"1477107940985225217","Sat Jan 01 02:51:36 +0000 2022","3910","Dari sekitar 160 staf (termasuk saintisnya) hanya 40-an yang berstatus PNS yg akan diterima di BRIN. Sisanya diberhentikan tanpa pesangon krn mrk selama ini dianggap pegawai kontrak ilegal turut berbelangsukawa ","1477110229749809154","","aik_arif","in","Kizuki-3 Chome","341","109","1191","https://x.com/aik_arif/status/1477110229749809154","218665104","aik_arif"
"1512809199423549442","Sat Apr 09 15:06:34 +0000 2022","263","Menteri Keuangan Rusia Anton Siluanov : Dengan latar belakang tekanan sanksi negara-negara BRICS (Rusia Brasil India Cina Afrika Selatan) akan mempercepat pembuatan sistem transaksi keuangan dan lembaga pemeringkat independen. https://t.co/T71xILNEHI","1512809199423549442","https://pbs.twimg.com/media/FP6T8hxXsAUIwdd.jpg","","in","–†–û–°–°–ò–Ø","2","11","37","https://x.com/privetbro1/status/1512809199423549442","1508855983656751107","privetbro1"
"1505046850272837634","Sat Mar 19 05:01:46 +0000 2022","180","Atas segala bahagia segala tawa yang pernah kita lahirkan bersama Segala luka Segala hal-hal baru yang kau beritahu Dan segala rencana kita yang tidak pernah jadi nyata Terima kasih. Aku tak pernah menyesal pernah mendampingimu. https://t.co/UajGii9CHp https://t.co/MuZTfy0N4X","1505046850272837634","https://pbs.twimg.com/ext_tw_video_thumb/1505046716378013698/pu/img/Uf-rwXl5CGwxpXFX.jpg","","in","BELI BUKUKU DI SINI üëâüèª","1","0","51","https://x.com/briankhrisna/status/1505046850272837634","775011194","briankhrisna"
"1515891640325795843","Mon Apr 18 04:23:33 +0000 2022","668","@starfess kayaknya 'I am Indonesian' dsini lebih ke person mereka yaa guys. Lebih ke mreka yg slalu mengenalkan diri mreka sebagai orng Indonesia. 1. Rich Brian = My name is rich brian im from jakarta indonesia https://t.co/kH12k6Tvlz","1515908871449362435","https://pbs.twimg.com/ext_tw_video_thumb/1515574621369942020/pu/img/3-B2QwXvoom8doAd.jpg","starfess","in","Indonesia","0","1","25","https://x.com/muthia43644354/status/1515908871449362435","1293414253265686530","muthia43644354"
"1528808196089036800","Mon May 23 18:40:52 +0000 2022","147","With fellow BRICS members approving China's proposal to add more countries to the grouping there are reports that Argentina and Indonesia are possible candidate countries. Interesting to see how things develop https://t.co/VvB6lvvzSL","1528808196089036800","","","en","","4","9","34","https://x.com/ChrisEdyegu/status/1528808196089036800","1522098690349219841","ChrisEdyegu"
"1523272092367548416","Sun May 08 12:02:22 +0000 2022","506","Kau terus saja mengagungi lukamu tanpa mau menyadari aku pun di sini merasakan hal yang sama juga. Bahkan lebih. Aku mengalami perih yang lebih dua kali. Satu karena kau ternyata benar-benar memilih pergi dan satu lagi karena aku harus menghadapi semuanya sendiri.","1523272092367548416","","","in","BELI BUKUKU DI SINI üëâüèª","5","7","171","https://x.com/briankhrisna/status/1523272092367548416","775011194","briankhrisna"
"1527717270968991744","Fri May 20 18:25:55 +0000 2022","433","üá®üá≥üáµüá∞üá≤üáæüáÆüá©üáπüá∑ China ha sugerido la expansi√≥n de los BRICS y la incorporaci√≥n de pa√≠ses como Pakist√°n Malasia Indonesia o Turqu√≠a - Ministro de Exteriores chino https://t.co/h0KtKfa8ru","1527717270968991744","https://pbs.twimg.com/media/FTOKv8oXoAAp477.jpg","","es","Mundo.","18","34","121","https://x.com/Political_Room/status/1527717270968991744","1045073864051609600","Political_Room"
"1481242789648408581","Wed Jan 12 12:32:55 +0000 2022","578","Sungguh ujian dari Allah itu nyata. Benar-benar nyata. Main ini rasanya besok perlu check up gula darah Tebak apakah saya sanggup untuk tidak mengumpat sampai akhir di part ini? Video lengkapnya: https://t.co/N5UOW7DxJJ https://t.co/GqVGrLme2t","1481242789648408581","https://pbs.twimg.com/ext_tw_video_thumb/1481242534265626631/pu/img/VtVnEN-jM-gRC75v.jpg","","in","BELI BUKUKU DI SINI üëâüèª","135","82","147","https://x.com/briankhrisna/status/1481242789648408581","775011194","briankhrisna"
"1523524693739057153","Mon May 09 04:46:07 +0000 2022","3078","Dan keputusan untuk mengganti semua bank di Aceh menjadi bank syariah juga blunder sih. Semua orang yang gue tau komplain. Sekarang cuma ada satu bank di Aceh: BSI.","1523524693739057153","","","in","Beredar di timeline ","247","141","843","https://x.com/romeogadungan/status/1523524693739057153","146781710","romeogadungan"
"1530910535708856320","Sun May 29 13:54:49 +0000 2022","563","Indonesian Paramilitary Police force (BRIMOB) using Chinese-made Blowfish A3 UAV. :https://t.co/xwmpJutCxq https://t.co/tOSbowg3xO","1530910535708856320","https://pbs.twimg.com/media/FT7jBK7acAAP6GO.jpg","","en","Denpasar Selatan, Indonesia","6","11","83","https://x.com/defenceview_id/status/1530910535708856320","1280531173404372992","defenceview_id"
"1490926051903479812","Tue Feb 08 05:50:45 +0000 2022","8185","Sejak kemarin siang ratusan personil Brimob berkumpul di Polres Purworejo dan mendirikan beberapa tenda di dekat pintu masuk Desa Wadas). Anehnya di malam hari listrik di Desa Wadas mati sedangkan desa lain di sekitar Wadas tetap menyala. #WadasMelawan https://t.co/0oGHiJJY9E","1490926051903479812","https://pbs.twimg.com/media/FLDVVp_VIAE17Um.jpg","","in","Indonesia","592","582","4982","https://x.com/GreenpeaceID/status/1490926051903479812","43074696","GreenpeaceID"
"1477150230827044864","Sun Jan 02 02:48:24 +0000 2022","215","@nwlsukaeskrim @soeradd @discommie Di perkotaan khususnya Tangsel di ATM BRI hampir gak ada antrean. BCA selalu penuh. Jadi enak. Gak ada kendala serius kok selama di bank BUMN. Sama aja BRIMO &amp; Livin' by Mandiri juga bisa top up bayar tagihan transfer. Gak selebay pikiran lu itu.","1477471812678086656","","adlxndrj","in","Tangerang, Banten","6","10","6","https://x.com/adlxndrj/status/1477471812678086656","2257583413","adlxndrj"
"1477259704644431876","Sat Jan 01 12:45:34 +0000 2022","311","Gol pertama indonesia diduga sebagai hadiah doorprize dari pihak panitia sebagai hadiah hiburan untuk peserta AFF.","1477259704644431876","","","in","BELI BUKUKU DI SINI üëâüèª","24","33","29","https://x.com/briankhrisna/status/1477259704644431876","775011194","briankhrisna"
"1527662206279876609","Fri May 20 14:47:07 +0000 2022","1203"," BRICS Plus foreign ministers dialogue was successfully held and attended by foreign ministers from BRICS countries üá∞üáøKazakhstan üá∏üá¶Saudi Arabia üá¶üá∑Argentina üá™üá¨Egypt üáÆüá©Indonesia üá≥üá¨Nigeria üá∏üá≥Senegal and representatives of the foreign ministers of the üá¶üá™UAE and üáπüá≠Thailand. https://t.co/LsyNDcavcG","1527662206279876609","https://pbs.twimg.com/media/FTNYoJUagAAzY6v.jpg","","en","‰∏≠ÂõΩÔºåÂåó‰∫¨ Beijing PRC","81","62","371","https://x.com/MFA_China/status/1527662206279876609","1183694592433983489","MFA_China"
"1491992606120636416","Fri Feb 11 04:28:51 +0000 2022","486","Hi Everyone You just stumbled upon my page! I'm Riska from Indonesia as you can see I'm in love with colours and patterns Ô∏è I also create a story behind each artworks see more here: https://t.co/JZmMXzEf0k [A THREAD 1/3] ‚è¨‚è¨ https://t.co/bR3Aw7o3ji","1491992606120636416","https://pbs.twimg.com/media/FLSfXdsVkAIn0Lf.jpg","","en","Indonesia","45","50","179","https://x.com/holakanola/status/1491992606120636416","98844126","holakanola"
"1524219895302422529","Wed May 11 02:48:36 +0000 2022","767","BILQIS PRASISTA Rank 332 dunia telah mengalahkan rank 1 dunia. Banyak yang meremehkan tapi sekarang mereka tahu kemampuan Bilqis tak bisa diremehkan. Ayo bangkit WS Indonesia! Kalian bisa! https://t.co/6aAuFzZmOv","1524219895302422529","https://pbs.twimg.com/media/FScd6rGUcAAQBmb.jpg","","in","","9","9","117","https://x.com/inawsarchive/status/1524219895302422529","1479358972163362818","inawsarchive"
"1527430223729508384","Thu May 19 23:25:18 +0000 2022","92","Upon the invitation of China I took part in this evenings #BRICS+ Foreign Ministers Meeting held virtually (19/05) I reiterated my message to stop the war give peaceful resolution a chance and for every country to be part of the solution. https://t.co/jWJw05zsNj","1527430223729508384","https://pbs.twimg.com/media/FTKFsRlXoAA8Xuj.jpg","","en","Indonesia","4","8","21","https://x.com/Menlu_RI/status/1527430223729508384","960382456267288576","Menlu_RI"
"1527713243443126273","Fri May 20 18:09:55 +0000 2022","98","Ô∏èBeijing has proposed expanding the BRICS by bringing Pakistan Indonesia Malaysia and... Turkey into this group. #Asia https://t.co/xrgKFiJ8HO","1527713243443126273","https://pbs.twimg.com/media/FTOHGSAXEAIB96C.jpg","","en","","4","2","43","https://x.com/ivan_8848/status/1527713243443126273","765599356980498432","ivan_8848"
"1530081656178061312","Fri May 27 07:01:09 +0000 2022","281","UpdateÔ∏èLavrov Arab Saudi dan Argentina telah menyatakan minatnya untuk bergabung dengan kelompok BRICS (Brasil Rusia India China dan Afrika Selatan) https://t.co/kALsiJa3PF","1530081656178061312","https://pbs.twimg.com/media/FTvxJnJVUAAdJjt.jpg","","in","Moscow","5","17","31","https://x.com/yo2thok/status/1530081656178061312","497234852","yo2thok"
"1499294737760616454","Thu Mar 03 08:04:55 +0000 2022","96","Kabar gembira dari Menteri BUMN @erickthohir bahwa @BANKBRI_ID Bagikan Dividen Rp 26 4 Triliun Naik 76 Persen Dibandingkan 2020 Bukti Kesuksesan Holding BUMN Ultra Mikro --UTAS-- #DividenBRI https://t.co/1qxyWVoNq9","1499294737760616454","https://pbs.twimg.com/media/FM6QBuUVQAE5_ri.jpg","","in","","2","19","93","https://x.com/menteri_et/status/1499294737760616454","1368274895071629312","menteri_et"
"1478014566202163203","Mon Jan 03 14:45:07 +0000 2022","217","Keren kan. Artinya sudah diramal bakal ada BRIN sejak 2009 Dan followernya udah ngalahin kementrian sultan sekalipun.","1478014566202163203","","","in","Jakarta, Indonesia","4","24","67","https://x.com/rustamaji/status/1478014566202163203","35016758","rustamaji"
"1515562634938134528","Sun Apr 17 05:27:44 +0000 2022","458",". @richbrian live in @Coachella 2022 LIVE Channel 2 I came from Jakarta Indonesia. https://t.co/7CenlxUPwS #Coachella #RichBrian https://t.co/H0uH8DiJYy","1515562634938134528","https://pbs.twimg.com/media/FQhcLdnaIAIb-7X.jpg","","en","Salatiga - Jakarta","2","4","161","https://x.com/AdibHidayat/status/1515562634938134528","19280181","AdibHidayat"
"1499268576745693184","Thu Mar 03 06:20:58 +0000 2022","132","Direktur Utama BRI Sunarso mengungkapkan model bisnis baru yang mengandalkan digitalisasi dipercaya dapat membawa efisiensi dalam operasional BRI Group. #TransformasiDigitalBRI https://t.co/gYc5QFxjzr","1499268576745693184","https://pbs.twimg.com/ext_tw_video_thumb/1499268497943056386/pu/img/pGPnryKdIhzOWMNP.jpg","","in","lokalisasi kelas teri","23","90","61","https://x.com/triwul82/status/1499268576745693184","2695463725","triwul82"
"1477525017709539332","Sun Jan 02 06:19:49 +0000 2022","594","Halo Sobat BRI! Biar makin semangat di awal tahun Mimin ada kuis lagi nih! Kali ini tes kejelian mata kamu dengan jawab tulisan di gambar ini ya Clue: Kredit untuk pengembangan usaha mikro. #BRI #MemberiMaknaIndonesia https://t.co/CFrkzNwCGr","1477525017709539332","https://pbs.twimg.com/media/FIE5KsQVgAAZdXq.jpg","","in","Jl Jend Sudirman 44-46 Jakarta","39","1233","380","https://x.com/BANKBRI_ID/status/1477525017709539332","1355939492","BANKBRI_ID"
"1530206240214851586","Fri May 27 15:16:12 +0000 2022","1","Se cierra el 2022 con un BRICS+INKA? Argentina tiene un pie y medio adentro. Indonesia entiendo que tambi√©n. https://t.co/wcUvvDrBy2","1530206240214851586","","","es","Argentina","0","0","0","https://x.com/Nawelo_/status/1530206240214851586","1120431555288141824","Nawelo_"
"1515199471252291586","Sat Apr 16 05:24:39 +0000 2022","297","sharing free food in mosques and streets for break the fast/iftar in month of ramadhan^^ we're üáÆüá© Brights Tangerang Jakarta Karawang INDONESIA Happy Brights Day stay healthy stay kind #BrightsForBrightWorld #bbrightvc @bbrightvc #BrightsAroundTheWorld https://t.co/yzstZ0IXn1","1515199471252291586","https://pbs.twimg.com/media/FQcR2IjaMAUph7E.jpg","","en","Indonesia","6","12","265","https://x.com/allbrightvc_ina/status/1515199471252291586","1252379545652477953","allbrightvc_ina"
"1523355223418408962","Sun May 22 19:58:44 +0000 2022","296","Members of the BRICS (Brazil Russia India South Africa) are publicly supporting China's call to expand the economic bloc. Likely new members will be Argentina and Indonesia and potentially Nigeria and Kazakhstan. Another blow to US unipolar hegemony https://t.co/ahywXPpGEo","1528465405076983815","","BenjaminNorton","en","","9","12","92","https://x.com/BenjaminNorton/status/1528465405076983815","852269288","BenjaminNorton"
"1506896379318513664","Thu Mar 24 07:31:08 +0000 2022","384","Ketika anak sultan pulang kampung #LISA @BLACKPINK https://t.co/8rzKJqb5JD","1506896379318513664","https://pbs.twimg.com/ext_tw_video_thumb/1506896348280672256/pu/img/NG1gxWaPVYcpnQyL.jpg","","in","","15","12","48","https://x.com/Blink_OFCINDO/status/1506896379318513664","1251347295297130496","Blink_OFCINDO"
"1482628491715567617","Sun Jan 16 08:19:12 +0000 2022","386","Bripka Ricardo mengaku menerima suap dari istri bandar narkoba sebesar Rp 300 juta dan membaginya kepada atasannya Kappolrestabes Medan Rp 75 juta. https://t.co/VtwSrpV5Kl","1482628491715567617","","","in","Jakarta","72","130","189","https://x.com/kompascom/status/1482628491715567617","23343960","kompascom"
"1501471838001528837","Wed Mar 09 08:15:56 +0000 2022","194","Bangga Menjadi Bangsa Indonesia Masjid Biru Soekarno di kota Saint Petersburg Rusia BLUE MOSQUE ST. PETERSBURG - MASJID BIRU SOEKARNO https://t.co/hwDZTphUXP","1501471838001528837","https://pbs.twimg.com/ext_tw_video_thumb/1501465885654990849/pu/img/mEVJuKoFIh6PBPMO.jpg","","in","","3","6","65","https://x.com/BiLLRaY2019/status/1501471838001528837","1159475566069731331","BiLLRaY2019"
"1528753673735659522","Mon May 23 15:04:13 +0000 2022","2","Rappresentante cinese presso l'ONU: Un caloroso benvenuto a Kazakistan Arabia Saudita Argentina Egitto Indonesia Nigeria Senegal Emirati Arabi Uniti e Thailandia per unirsi a BRICS. https://t.co/sWJYTkAT64","1528753673735659522","","","it","Italia","0","0","1","https://x.com/Ric746/status/1528753673735659522","857144629082370048","Ric746"
"1528063599683444736","Sat May 21 17:22:06 +0000 2022","14","Damos una calurosa bienvenida a Kazajst√°n Arabia Saudita Argentina Egipto Indonesia Nigeria Senegal Emiratos √Årabes Unidos y Tailandia para unirse al Di√°logo BRICS+. La solidaridad y cooperaci√≥n de los mercados emergentes y los pa√≠ses en desarrollo es de gran importancia..","1528063599683444736","","","es","","0","0","10","https://x.com/anticastas/status/1528063599683444736","1225622563654701059","anticastas"
"1527700987066171399","Fri May 20 17:21:13 +0000 2022","4","BRICS na fila imediata: Indon√©sia + Arg√©lia + Venezuela + pasmem Espanha! Que coisa heim! Do idealizador https://t.co/la2SETAUsV","1527700987066171399","https://pbs.twimg.com/media/FTN78ysXEAEGB68.jpg","","pt","","0","0","2","https://x.com/macsanto787/status/1527700987066171399","935034935290851328","macsanto787"
"1527918943205474304","Sat May 21 07:47:18 +0000 2022","1","Daripada didikte USA dalam G20 mending Indonesia gabung BRICS. Keseimbangan ekonomi perdagangan dunia..","1527918943205474304","","","in","West Region, Singapore","0","0","0","https://x.com/savanthe/status/1527918943205474304","50580519","savanthe"
"1524320055252885504","Wed May 11 09:26:36 +0000 2022","379","Kita lupakan sejenak ulah para provokator &amp; tukang nyinyir yang selalu bikin kisruh suasana. Kita berbangga dulu dgn kemenangan salah satu pebulutangkis putri Indonesia...Bilqis Prasista. Peringkat 333 dunia yg berhasil mengalahkan pemain peringkat 1 dari Jepang 2 set langsung https://t.co/8jhfsl0Upu","1524320055252885504","https://pbs.twimg.com/media/FSd5AuiakAAdi3R.jpg","","in","üåû","8","23","56","https://x.com/SantorinisSun/status/1524320055252885504","980685208969031680","SantorinisSun"
"1527512430003331086","Fri May 20 04:51:57 +0000 2022","27","There will be opposition to this. China has suggested expansion of BRICS looks forward to Pakistan Turkey Malaysia Indonesia being part of BRICS.","1527512430003331086","","","en","","1","2","6","https://x.com/MarianaBaabar/status/1527512430003331086","317744468","MarianaBaabar"
"1523759920629555200","Tue May 10 01:28:39 +0000 2022","40","@NiMingda_GG USA is very afraid of another new financial system... I know BRICS + Indonesia has the potential","1523837387742220288","","NiMingda_GG","en","Singapore","0","3","5","https://x.com/LHO1011/status/1523837387742220288","1299131581542531072","LHO1011"
"1528273338254053376","Sun May 22 07:15:32 +0000 2022","0","Ayo Indonesia gabung BRICS...","1528273338254053376","","","in","West Region, Singapore","0","0","0","https://x.com/savanthe/status/1528273338254053376","50580519","savanthe"
"1502496238456868865","Sat Mar 12 04:06:32 +0000 2022","201","Lisa Dispatch Akhirnya kedua bestie ini ketemu lagi BON VOL LALISA #LisaParisienne https://t.co/BHscqsk3lt","1502496238456868865","https://pbs.twimg.com/media/FNnwXD6aIAAp4lW.jpg","","in","","2","3","37","https://x.com/Blink_OFCINDO/status/1502496238456868865","1251347295297130496","Blink_OFCINDO"
"1491412579117244418","Wed Feb 09 14:04:02 +0000 2022","472","Bripka Cristy Triwahyuni Cantika Sugiarto Polwan yg jadi DPO selama 3 bulan akhirnya di Tangkap di salah satu Hotel di daerah Kemang Jakarta.Selatan. üáÆüá©","1491412579117244418","","","in","Di Jero Imah","4","83","55","https://x.com/KaredokLeunca__/status/1491412579117244418","1271319727751610385","KaredokLeunca__"
"1528126043416145920","Sat May 21 21:30:14 +0000 2022","0","Pelo que entendi a maioria das na√ß√µes da √Åsia-Pac√≠fico est√£o agora se inclinando para o bloco BRICS Vietn√£ Indon√©sia e Filipinas (sob Bong Bong) j√° entenderam isso. Austr√°lia Taiwan Jap√£o e Cor√©ia do Sul ainda est√£o muito com os EUA. As coisas est√£o ficando interessantes.","1528126043416145920","","","pt","","0","0","0","https://x.com/officialedd25/status/1528126043416145920","929850710497382401","officialedd25"
"1506656183540924416","Wed Mar 23 15:36:41 +0000 2022","376","Udahlah gausah bahas Family atau yg stan lagi Karena BLACKPINK hanya punya BLINK begitu pula sebaliknya. Sekarang kita fokus untuk mendukung semua kegiatan member voting dan streaming musik bp. HANYA BLACKPINK ‚ÄºÔ∏è BLINKs only for BLACKPINK ","1506656183540924416","","","in","","6","3","58","https://x.com/Blink_OFCINDO/status/1506656183540924416","1251347295297130496","Blink_OFCINDO"
"1501150749325029378","Wed Mar 09 02:17:18 +0000 2022","6","In the course of this year #China #Thailand and #Indonesia will host the #BRICS Summit #APEC Economic Leaders' Meeting and #G20 Summit respectively. Asia's time has come in global governance Chinese State Councilor and Foreign Minister Wang Yi said Monday. #2022TwoSessions https://t.co/ZaPMr4j2A1","1501381584401752067","https://pbs.twimg.com/ext_tw_video_thumb/1501379099461259266/pu/img/1HVYTzzP7Daqf1h_.jpg","Echinanews","en","Beijing","1","1","6","https://x.com/Echinanews/status/1501381584401752067","338736117","Echinanews"
"1490321821471690752","Sun Feb 06 13:50:01 +0000 2022","937","Pada buku itu ada tertulis bahwa negeri ini telah berhubungan dagang dengan China India dan Arab melalui pelabuhan Barus. . . Wilayah Barus disebut memiliki kedudukan yang penting sebagai bandar internasional yang memperdagangkan barus dan kemenyan.","1490321887049572359","","Leonita_Lestari","in"," Dimana-mana","5","8","77","https://x.com/Leonita_Lestari/status/1490321887049572359","1202108075231989760","Leonita_Lestari"
"1527800747232215040","Fri May 20 23:57:37 +0000 2022","49"," BRICS Plus foreign ministers dialogue was successfully held and attended by FMs from BRICS countries Kazakhstan Saudi Arabia Argentina Egypt Indonesia Nigeria Senegal and representatives from UAE and Thailand China's Foreign Ministry announced. https://t.co/b8uYesEGJx","1527800747232215040","https://pbs.twimg.com/media/FTPWrdXaQAACuev.jpg","","en","Beijing, China","8","4","25","https://x.com/globaltimesnews/status/1527800747232215040","49616273","globaltimesnews"
"1501579824997220352","Wed Mar 09 15:25:02 +0000 2022","504","Congratulations to @luxxy_made BTR Ryzen and Genta for successfully representing the Indonesian National team at the SEA Games! üáÆüá© Keep supporting them to make us proud Bigetroopers https://t.co/bLjP8Cg9Px","1501579824997220352","https://pbs.twimg.com/media/FNau470UYAAfTdr.jpg","","en","Jakarta, Indonesia","67","40","52","https://x.com/bigetronesports/status/1501579824997220352","1093556345117134849","bigetronesports"
"1523002302193618945","Sat May 07 18:10:19 +0000 2022","343","[INFO] Channel YouTube Jennie dan Lisa sudah menambahkan *SUB INDONESIA* pada setiap video nya. [Jennierubyjane Official] https://t.co/FyL2ifdWkD [Lilifilm Official] https://t.co/wc8PMaLKRQ #JENNIE #LISA @BLACKPINK https://t.co/8rO40kqNH2","1523002302193618945","https://pbs.twimg.com/media/FSLKgtLacAEQlZw.jpg","","in","","18","2","41","https://x.com/Blink_OFCINDO/status/1523002302193618945","1251347295297130496","Blink_OFCINDO"
"1515578855355924482","Sun Apr 17 06:32:11 +0000 2022","481","Tak diperpanjang klub Kroasia NHK Rijeka BRYLIAN ALDAMA dikabarkan pulang ke Persebaya. #BursaTransfer","1515578855355924482","","","in","Di hatimu ","6","28","31","https://x.com/AlionelMessi_/status/1515578855355924482","345212177","AlionelMessi_"
"1486910149486788611","Fri Jan 28 03:52:59 +0000 2022","174","In this week's AsiaVerse Indonesian Hall we feature @lickpalik a cultural icon in Indonesia. His distinct art style has led to the creation of toys clothing lines board games animations. He also launched a Vans collection. Hari ini 9mlm (Bahasa Indo) https://t.co/g4ojJrzRuX https://t.co/AmOmNgCnmv","1486910149486788611","https://pbs.twimg.com/media/FKKPECtVcAIQsMx.jpg","","en","Connecting Japan, Asia, World","4","8","30","https://x.com/TheNFTAsian/status/1486910149486788611","1384026211320426498","TheNFTAsian"
"1527734425475235841","Fri May 20 19:34:05 +0000 2022","10","Ayer Wang Yi fue el anfitri√≥n de un video-di√°logo entre los MAE de BRICS y sus hom√≥logos de los pa√≠ses de mercados emergentes de Kazajst√°n Arabia Saud√≠ Argentina Egipto Indonesia Nigeria Senegal EAU y Tailandia. https://t.co/rY8IIFqCOz","1527734425475235841","https://pbs.twimg.com/media/FTOZ5FzXEAE30K_.jpg","","es","Bogot√°, Colombia","1","1","3","https://x.com/zhu_jingyang/status/1527734425475235841","764011909725040640","zhu_jingyang"
"1507422247115722752","Fri Mar 25 18:20:44 +0000 2022","8","Biden : We have to kick out Russia from G20. Brazil : Opposed. China : Opposed( called Russia an important member). Indonesia ( G20 chair) : Neutral. #BRICS #UkraineRussianWar https://t.co/ESVYxU39sY","1507422247115722752","https://pbs.twimg.com/media/FOtwiyaaAAM4OX9.jpg","","en","Amrit Kaal","1","0","1","https://x.com/ChowkidarKim/status/1507422247115722752","3724521614","ChowkidarKim"
"1527579234570739712","Fri May 20 09:17:25 +0000 2022","7","Report says China's Foreign Minister Wang Yi proposes expansion of BRICS. China may want Indonesia Pakistan Turkey Argentina etc. to become part of expanded BRICS. #China #BRICS #WangYi","1527579234570739712","","","en","India","0","0","3","https://x.com/KangJing/status/1527579234570739712","78567305","KangJing"
"1482262193647534080","Sat Jan 15 08:03:40 +0000 2022","223"," GIVEAWAY Tebak location kamu tau ini di mana gak Sobat BRI? Buat yang jawab bener bakal ada saldo LinkAja sebesar 100rb untuk masing-masing 3 orang pemenang! Jangan lupa RT &amp; follow juga~ Ditunggu sampai 21 Januari 2022! Good luck! #BRI #MemberiMaknaIndonesia https://t.co/StsaBgI3QV","1482262193647534080","https://pbs.twimg.com/media/FJINmwAagAIU4hc.jpg","","in","Jl Jend Sudirman 44-46 Jakarta","4","543","204","https://x.com/BANKBRI_ID/status/1482262193647534080","1355939492","BANKBRI_ID"
"1495227203986014210","Sun Feb 20 04:09:41 +0000 2022","168","Em 2050 4 pa√≠ses que comp√µe o BRICS (China 1¬∫ √çndia 2¬∫ Brasil 5¬∫ e R√∫ssia 6¬∫) estar√£o entre as seis principais pot√™ncias econ√¥micas do planeta. Apenas os EUA na terceira posi√ß√£o representar√° o G7. Indon√©sia ocupar√° a 4¬™ posi√ß√£o representando os tigres asi√°ticos. @PwC","1495249272538906625","","nilton_possati","pt","Vit√≥ria, Brasil","0","1","29","https://x.com/nilton_possati/status/1495249272538906625","1295511565312065536","nilton_possati"
"1519625645843656704","Thu Apr 28 10:32:41 +0000 2022","174","Sobat BRI bantu mimin buat jawab pertanyaan ini dong! Ada saldo LinkAja total Rp100 ribu buat 2 pemenang. Jawaban kamu ditunggu lhoo sampai tanggal 30 April ya.! Yuk ah BRIkutan! #BRI #MemberiMaknaIndonesia https://t.co/EPrwVHV0dM","1519625645843656704","https://pbs.twimg.com/media/FRbLd8EVcAEAVV_.jpg","","in","Jl Jend Sudirman 44-46 Jakarta","4","398","99","https://x.com/BANKBRI_ID/status/1519625645843656704","1355939492","BANKBRI_ID"
"1527686368746475523","Fri May 20 16:23:08 +0000 2022","1857","Warmly welcome Kazakhstan Saudi Arabia Argentina Egypt Indonesia Nigeria Senegal UAE &amp; Thailand to join BRICS+ Dialogue. A timely meeting. Solidarity &amp; cooperation of emerging markets and developing countries is of great significance to address today s global challenges.","1527686368746475523","","","en","New York","121","91","634","https://x.com/ChinaAmbUN19_24/status/1527686368746475523","1233144962583343105","ChinaAmbUN19_24"
"1507963193230229509","Sun Mar 27 06:10:16 +0000 2022","139","SAATNYA KUIS. ADA HADIAH TOTAL 300 RIBU! Cara dapetin hadiahnya kamu tinggal jawab pertanyaan berikut: Sebutkan 2 entitas lain yang tergabung di holding ultra mikro bersama BRI? https://t.co/qXe6SDWtfk","1507963193230229509","https://pbs.twimg.com/media/FO1chz4aQAUrKY_.jpg","","in","Jl Jend Sudirman 44-46 Jakarta","6","564","83","https://x.com/BANKBRI_ID/status/1507963193230229509","1355939492","BANKBRI_ID"
"1528747914910216192","Mon May 23 14:41:20 +0000 2022","2","Possibili candidati per l'adesione a BRICS secondo il rappresentante permanente cinese presso l'ONU: Un caloroso benvenuto a Kazakistan Arabia Saudita Argentina Egitto Indonesia Nigeria Senegal Emirati Arabi Uniti e Thailandia per unirsi a BRICS+ Dialogue. https://t.co/CtWi8uwVha","1528747914910216192","https://pbs.twimg.com/media/FTc0IH1XsAAhC7G.jpg","","it","","0","1","0","https://x.com/MarliMoraes47/status/1528747914910216192","1509538216818491397","MarliMoraes47"
"1508319268458352640","Mon Mar 28 05:45:11 +0000 2022","0","BRICS Plus adalah sistem bagi lebih banyak negara berkembang untuk terakomodasi dalam blok ekonomi yang beranggotakan Brasil Rusia India Tiongkok dan Afrika Selatan (BRICS). Akademisi Nigeria percaya negara-negara Afrika punya peluang bagus guna mendapat manfaat dari blok itu https://t.co/7muRqBUOfZ","1508319268458352640","https://pbs.twimg.com/ext_tw_video_thumb/1508319231418552322/pu/img/6_ymFvOibHMpd80k.jpg","","in","Jakarta Capital Region","0","0","0","https://x.com/XHIndonesia/status/1508319268458352640","3271146871","XHIndonesia"
"1502288695709569031","Fri Mar 11 14:21:50 +0000 2022","204","Iseng-iseng pas halftime ternyata kontrak BRI dengan üáÆüá©Liga1 hanya semusim atau untuk musim 2021/22 doang ya? Wah berarti harus cari baru dong semoga nggak mempengaruhi musim 2022/23 yang wacananya bakal digelar Juni 2022","1502288695709569031","","","in","Indonesia","5","57","7","https://x.com/Indostransfer/status/1502288695709569031","811427632336146433","Indostransfer"
"1509554068410486787","Thu Mar 31 15:31:50 +0000 2022","655","Sang juara BRI Liga 1 2021/2022 Bali United FC #BRILiga1 #BangkitBersama #DukungDariRumah https://t.co/m952srltVa","1509554068410486787","https://pbs.twimg.com/media/FPMDYBOaAAAABY9.jpg","","in","Indonesia","20","49","109","https://x.com/Liga1Match/status/1509554068410486787","703416271157612544","Liga1Match"
"1527502691882049537","Fri May 20 04:13:16 +0000 2022","0","UK us will enjoy lower quality lifestyle becomes 3rd world countries. BRICS Indonesia and Bangladesh will enjoy lower cost of living and higher quality of life in terms of telco networks &amp; infrastructure.","1527502691882049537","","","en","Singapore","0","0","0","https://x.com/LHO1011/status/1527502691882049537","1299131581542531072","LHO1011"
"1507229241892827138","Fri Mar 25 05:33:48 +0000 2022","1","The story of #Shoigu or a lesson on 'how much I can be loyal to a murderous leader without integrity #PutinIsRight #IStandWithPutin then asked to commit suicide? #Ukraine #UkraineInvasion #RussiaUkraineConflict #Russian #UkraineInvasion #China #India #Africa #BRICS #Indonesia","1507229241892827138","","","en","Jakarta, Indonesia","0","0","0","https://x.com/adhigaduh/status/1507229241892827138","102639230","adhigaduh"
"1529092599063031809","Tue May 24 13:30:59 +0000 2022","220","Wawancara LISA bersama Rolling Stone Bahasa Indonesia (Auto Translate) ----- A THREAD ----- LISA FOR ROLLING STONE #LISAxRollingStone @BLACKPINK","1529092599063031809","","","in","","1","5","83","https://x.com/Blink_OFCINDO/status/1529092599063031809","1251347295297130496","Blink_OFCINDO"
"1530251770500349959","Fri May 27 18:17:07 +0000 2022","5","PIL dei paesi del #G7 42 trilioni üá∫üá∏Stati Uniti üá¨üáßRegno Unito üá©üá™Germania üá´üá∑Francia üáÆüáπItalia üáØüáµGiappone üá®üá¶Canada PIL dei paesi #BRICS 52 trilioni üáßüá∑Brasile üá∑üá∫Russia üáÆüá≥India üá®üá≥Cina üáøüá¶Sudafrica üáÆüá©Indonesia üá≤üáΩMessico‚Äå #RussiaUkraineWar #specialeTGLa7","1530251770500349959","","","it","Vinci, Toscana","0","1","2","https://x.com/Leonardoicnivfo/status/1530251770500349959","1482837677737193473","Leonardoicnivfo"
"1520023593744498689","Fri Apr 29 12:54:00 +0000 2022","344","Indonesia pastikan 1 tempat di Final MS #BAC2022 setelah Jonatan Christie menang atas Loh Kean Yew sang juara dunia di QF. Jojo vs Chico let's goooo.","1520023593744498689","","","in","Indonesia","3","1","51","https://x.com/ZonaBulutangkis/status/1520023593744498689","292095170","ZonaBulutangkis"
"1505816513223475203","Mon Mar 21 08:00:08 +0000 2022","138","SAATNYA KUIS! Ada saldo LinkAja total senilai Rp300 ribu. Sobat BRI tinggal sebutkan pengeluaran apa saja yang termasuk tips keuangan 4-3-2-1 yang jumlahnya 40% 30% 20% dan 10% dari penghasilan kamu. #BRI #MemberiMaknaIndonesia https://t.co/tedSCAiakB","1505816513223475203","https://pbs.twimg.com/media/FOW8IA1aAAQCh-i.jpg","","in","Jl Jend Sudirman 44-46 Jakarta","2","412","79","https://x.com/BANKBRI_ID/status/1505816513223475203","1355939492","BANKBRI_ID"
"1518530710759370754","Mon Apr 25 10:01:49 +0000 2022","237","SAATNYA KUIS! Ada hadiah total senilai Rp200 ribu! Kalian tinggal jawab apa saja perbedaan dari kedua gambar di bawah? 2 penjawab yang beruntung berhak dapetin saldo LinkAja masing-masing Rp100 ribu. Mimin tunggu sampai tanggal 27 April ya! #BRI #MemberiMaknaIndonesia https://t.co/Yqf0sBGxO5","1518530710759370754","https://pbs.twimg.com/media/FRLnoIUVkAA1i_d.jpg","","in","Jl Jend Sudirman 44-46 Jakarta","4","405","114","https://x.com/BANKBRI_ID/status/1518530710759370754","1355939492","BANKBRI_ID"
"1507627720565739520","Sat Mar 26 07:57:13 +0000 2022","1","#Mariupol is a #Russia speaking city. #Putin is rejected here despite #PutinLiar about liberating it Like an #abusive insecure boyfriend #PutinWarCrimes damage it into rubble Beware of a friendship with #PutinHitler #China #India #African #BRICS #Ukraine #Russian #Indonesia","1507627720565739520","","","en","Jakarta, Indonesia","0","0","0","https://x.com/adhigaduh/status/1507627720565739520","102639230","adhigaduh"
"1479789889646256128","Sat Jan 08 15:00:23 +0000 2022","283"," GOL! @BorneoSMR. Gol perdana Boaz Solossa bersama Pesut Etam Borneo FC 1-1 PERSIK Kediri. #BRILiga1 #BangkitBersama #DukungDariRumah https://t.co/siQjdyTtC6","1479830349198680071","https://pbs.twimg.com/ext_tw_video_thumb/1479830211554263040/pu/img/fA1bukOcXIkZaPQb.jpg","Liga1Match","in","Indonesia","38","28","52","https://x.com/Liga1Match/status/1479830349198680071","703416271157612544","Liga1Match"
"1524630592679071745","Thu May 12 06:00:34 +0000 2022","254","Sobat BRI. Waspada dan tetap berhati-hati dengan beredarnya informasi HOAX terkait pembaharuan layanan dan perubahan tarif baru BRI. Selalu jaga kerahasian data pribadi untuk terhindar dari kejahatan perbankan. #BRIEdukasi https://t.co/jh3U7VxdQe","1524630592679071745","https://pbs.twimg.com/media/FSiTM5RVcAAdWut.jpg","","in","Jl Jend Sudirman 44-46 Jakarta","15","109","117","https://x.com/kontakBRI/status/1524630592679071745","1355925366","kontakBRI"
"1527621355113308160","Fri May 20 12:04:47 +0000 2022","42","üáßüá∑üá¨üáßüáÆüá≥üá®üá≥üáøüá¶Just IN: China has suggested BRICS expansion looks forward to Pakistan Turkey Malaysia and Indonesia to join BRICS. üáµüá∞üáπüá∑üá≤üáæüáµüá± The Chinese foreign minister stressed the need to include more emerging economies in the BRICS fold.","1527621355113308160","","","en","Asia","1","4","11","https://x.com/enfree1993/status/1527621355113308160","1015683182060945408","enfree1993"
"1527627335645679619","Fri May 20 12:28:33 +0000 2022","0","BRICS members back China s call for expansion. Although no candidate countries have been named earlier this year Argentine President A. Fernandez said he wanted his country to join and analysts have said Indonesia is another likely candidate. https://t.co/fiBzq2pEIh","1527627335645679619","","","en","Italy/China","1","0","0","https://x.com/AleColarizi/status/1527627335645679619","241024381","AleColarizi"
"1520038085207109633","Fri Apr 29 13:51:35 +0000 2022","435","SF #BAC2022 Pemain Indonesia: MS: Jonatan Christie [4] vs Chico Aura Dwi Wardhoyo MD: Fajar Alfian/Muhammad Rian Ardianto [4] vs Pramudya Kusumawardana/Yeremia Erich Yoche Yacob Rambitan XD: Praveen Jordan/Melati Daeva Oktavianti vs Zheng Siwei/Huang Yaqiong [CHN/1] WS &amp; WD = -","1520038085207109633","","","in","Indonesia","8","8","65","https://x.com/ZonaBulutangkis/status/1520038085207109633","292095170","ZonaBulutangkis"
"1527672999750647809","Fri May 20 15:30:00 +0000 2022","2","#EVENT: Yesterday the foreign ministers of Kazakhstan Egypt Nigeria Saudi Arabia Argentina Indonesia Senegal and representatives of the foreign ministers of Thailand and the UAE joined their #BRICS colleagues for the Foreign Ministers' dialogue under the BRICS+ format. https://t.co/2uwKY0GeAZ","1527672999750647809","https://pbs.twimg.com/media/FTNif0MX0AEOISE.jpg","","en","Beijing","0","1","2","https://x.com/DevReimagined/status/1527672999750647809","912922132325203968","DevReimagined"
"1494542325120311299","Fri Feb 18 05:20:32 +0000 2022","167","Emangnya KAU siapa.... Enak banget cocotmu bilang musibah.... RIJIK ama BAHAR ntuh siapa? Cuman imigran gak tau diri yg suka bikin ribut di NKRI aje lo jilat2.... https://t.co/8TZG0cgIIm","1494542325120311299","https://pbs.twimg.com/media/FL2uUlNUUAICVme.jpg","","in","Pulau 7","6","75","15","https://x.com/Adnanad75579946/status/1494542325120311299","1183221936848961536","Adnanad75579946"
"1479702758601080832","Sat Jan 08 06:33:23 +0000 2022","279","Sobat BRI siap ikutan kuis lagi gak nih? Yuk cobain susun kalimat dari angka-angka ini! Clue: Liga sepak bola Indonesia musim 2021-2022. #BRI #MemberiMaknaIndonesia https://t.co/fcpcDWIIQA","1479702758601080832","https://pbs.twimg.com/media/FIj10A1UUAAuyAd.jpg","","in","Jl Jend Sudirman 44-46 Jakarta","7","857","141","https://x.com/BANKBRI_ID/status/1479702758601080832","1355939492","BANKBRI_ID"
"1511584838322880515","Wed Apr 06 06:01:24 +0000 2022","190","Sobat BRI bantu mimin menghitung jumlah AgenBRILink di seluruh Indonesia dong! Ada saldo LinkAja senilai @Rp100 ribu buat 3 pemenang. Jawaban kamu ditunggu sampai 8 April 2022! Cus ikutan!~~~ #BRI #MemberiMaknaIndonesia https://t.co/443aGf9tBY","1511584838322880515","https://pbs.twimg.com/media/FPo6ZSgakAIFZbU.jpg","","in","Jl Jend Sudirman 44-46 Jakarta","5","326","115","https://x.com/BANKBRI_ID/status/1511584838322880515","1355939492","BANKBRI_ID"
"1527461203940823041","Fri May 20 01:28:24 +0000 2022","3","if BRICS expands who will be next? a developing country who is big and economically ok I would say Indonesia","1527461203940823041","","","en","Beijing ","0","2","1","https://x.com/BeijingDai/status/1527461203940823041","1500381327392006145","BeijingDai"
"1500748540183662594","Mon Mar 07 08:21:49 +0000 2022","2","Chinese Foreign Minister: This year China Thailand and Indonesia will host the BRICS leaders' meeting the APEC informal leaders' meeting and the G20 leaders' summit respectively. Global governance has entered Asian time . https://t.co/4qodniyx9J","1500748540183662594","https://pbs.twimg.com/media/FNO601FUYAIkDrQ.png","","en","","1","0","0","https://x.com/cjxwh_hbtv/status/1500748540183662594","1420619183130398722","cjxwh_hbtv"
"1486290224309497856","Wed Jan 26 10:49:38 +0000 2022","0","IPK indonesia tahun 2021 sebesar 38. Dibandingkan dengan negara BRICS (Brazil Rusia India China Afrika Selatan) Indonesia memiliki nilai yang sama dengan Brazil (38) dan nilai Indonesia lebih tinggi dibandingkan Rusia (29).","1486290224309497856","","","in","","0","1","0","https://x.com/firlibahuri/status/1486290224309497856","1448070058786234368","firlibahuri"
"1505075272990789632","Sat Mar 19 06:54:42 +0000 2022","45","Countries that have expressed interest in joining BRICS according to Wikipedia: Argentina Bangladesh Indonesia Mexico Turkey Egypt Iran Nigeria Sudan Syria Pakistan Note that BRICS is not an alliance but only promotes political cultural &amp; economic cooperation between members.","1505075272990789632","","","en","Mombasa, Kenya","0","2","8","https://x.com/MihrThakar/status/1505075272990789632","862624394916626432","MihrThakar"
"1499752805363773441","Fri Mar 04 14:25:07 +0000 2022","236"," Blackpink juga sedang mempersiapkan comeback dalam waktu dekat. Aku tidak tahu apakah aku bisa mengatakan ini tetapi aku keluar sendiri jadi aku akan membicarakannya sesukaku. Terima kasih banyak atas dukungan kalian hari ini. #JISOO #JENNIE #ROS√â #LISA @BLACKPINK https://t.co/fWPiA0gQNE","1499752805363773441","https://pbs.twimg.com/ext_tw_video_thumb/1499752765677248512/pu/img/joIk9SpwyhZWxriW.jpg","","in","","6","1","33","https://x.com/Blink_OFCINDO/status/1499752805363773441","1251347295297130496","Blink_OFCINDO"
"1529674077660663808","Thu May 26 04:01:34 +0000 2022","4","G20 SUMMIT IN INDONESIA: What opportunity for BRICS NAM and Russia-Ukraine Crisis? - https://t.co/KHZ2O5v81b https://t.co/WCPhJnz4j3","1529674077660663808","https://pbs.twimg.com/media/FTp-d7AWIAIJeE4.jpg","","en","Greece","0","0","2","https://x.com/Delphi2015/status/1529674077660663808","3347340383","Delphi2015"
"1527373208642818049","Thu May 19 19:38:44 +0000 2022","0","Just IN: China has suggested expansion of BRICS looks forward to Pakistan Turkey Malaysia Indonesia being part of BRICS.","1527373208642818049","","","en","Germany","0","0","0","https://x.com/Bokhari_IR/status/1527373208642818049","434694893","Bokhari_IR"
"1527795019872075777","Fri May 20 23:34:52 +0000 2022","0","üáßüá∑üá∑üá∫üáÆüá≥üá®üá≥üáøüá¶ Just IN:La Cina ha suggerito l'espansione dei BRICS attende con impazienza che Pakistan Turchia Malesia e Indonesia facciano parte dei BRICSüáµüá∞üáπüá∑üá≤üáæüáµüá± Il ministro degli Esteri cinese ha sottolineato la necessit√† di includere pi√π economie emergenti nell'ovile dei BRICS","1527795019872075777","","","it","Milano","0","0","0","https://x.com/zagor70/status/1527795019872075777","44673590","zagor70"
"1528694526487023618","Mon May 23 11:09:11 +0000 2022","16","China enters into bloc politics. BRICS members back China s call for expansion. Argentines and Indonesia likely candidates. https://t.co/jjgOaYTEZp","1528694526487023618","","","en","üá™üá∫üá´üáÆüá¨üáßüá®üá≥üá≠üá∞","0","5","13","https://x.com/SariArhoHavren/status/1528694526487023618","1135341205","SariArhoHavren"
"1527606709199544320","Fri May 20 11:06:35 +0000 2022","4","China üá®üá≥ has suggested the expansion of BRICS looking forward to Pakistan üáµüá∞ Turkey üáπüá∑ Malaysia üá≤üáæ &amp; Indonesia üáÆüá© being part of BRICS. H.E. Wang Yi State Councilor &amp; Foreign Minister üá®üá≥","1527606709199544320","","","en","üåê Dubai, Islamabad, Pakpattan","0","2","1","https://x.com/ImJattala/status/1527606709199544320","1440398893","ImJattala"
"1510967160985690117","Mon Apr 04 13:06:58 +0000 2022","10","#China #Thailand and #Indonesia will host #BRICS Summit #APEC Summit and #G20 Summit respectively this year. #China ready to step up coordination with the other two send a strong voice that Asian countries committed to peace and development.","1510967160985690117","","","en","Beijing, People's Republic of ","1","2","3","https://x.com/Zhou_Li_CHN/status/1510967160985690117","1498657322670833668","Zhou_Li_CHN"
"1527567302194999296","Fri May 20 08:30:00 +0000 2022","0","Presiden Tiongkok serukan negara-negara BRICS bangun komunitas keamanan global untuk semua https://t.co/iGeHILZ2ZP https://t.co/mZ093ZI3tY","1527567302194999296","https://pbs.twimg.com/media/FTLQKFCakAAukTq.jpg","","in","Jakarta Capital Region","0","0","0","https://x.com/XHIndonesia/status/1527567302194999296","3271146871","XHIndonesia"
"1511151957704347650","Tue Apr 05 01:21:17 +0000 2022","1","Here is a useful Education for #PutinTroll (or those who want to hoax-proof against it) - good whole thread #PutinWarCrimes #PutinWarCriminal #Ukraina #RussianWarCrimes #Russia #RussianWarCrimesInUkraine #China #India #Africa #SouthAfrica #Indonesia #BRICS #ChinaRussia #Egypt","1511151957704347650","","","en","Jakarta, Indonesia","0","0","0","https://x.com/adhigaduh/status/1511151957704347650","102639230","adhigaduh"
"1507643788583653382","Sat Mar 26 09:01:04 +0000 2022","0","#PutinTroll here is one more reason why #Putin is not worth defending: a hypocrite (which also means a coward-too afraid to stand on his own or greedy for influence he does not deserve) #Ukraine #Russia #UkraineRussiaWar #RussianUkrainianWar #BRICS #Indonesia #WesternHypocrisy","1507643788583653382","","","en","Jakarta, Indonesia","0","0","0","https://x.com/adhigaduh/status/1507643788583653382","102639230","adhigaduh"
"1511139723418677248","Tue Apr 05 00:32:40 +0000 2022","0","The #food crisis you experience is the unnecessary hurt #Putin is doing to get what he wants. Know that before #PutinTroll put lies in your mind #China #India #Africa #Egypt #Indonesia #BRICS #PutinIsRight #WesternHypocrisy #FoodSecurity","1511139723418677248","","","en","Jakarta, Indonesia","0","1","0","https://x.com/adhigaduh/status/1511139723418677248","102639230","adhigaduh"
"1506492327451258884","Wed Mar 23 04:45:34 +0000 2022","181","Indonesian National Police #Polri paramilitary force 'Mobile Brigade' #Brimob deployed its anti-drone systems during last week's üáÆüá© @MotoGP in Mandalika Circuit In five days alone they shot down 46 illegal drones Brimob https://t.co/V48aEe89UH","1506492327451258884","https://pbs.twimg.com/media/FOgfr3JVkAABMee.jpg","","en","Jakarta Capital Region","4","5","32","https://x.com/Jatosint/status/1506492327451258884","1123556466273570816","Jatosint"
"1507903752405413889","Sun Mar 27 02:14:04 +0000 2022","1","The real plan for #UkraineRussianWar revealed. #PutinisRight ! This joke is even funnier in how it reveal serial #PutinLies in public &amp; how untrustworthy he is Would you support #PutinWarCrimes for #Putin? #China #India #Indonesia #Africa #BRICS #IStandWithPutin #IStandWithRussia","1507903752405413889","","","en","Jakarta, Indonesia","0","0","0","https://x.com/adhigaduh/status/1507903752405413889","102639230","adhigaduh"
"1511819421354180608","Wed Apr 06 21:33:32 +0000 2022","0","#India will mature into a mentally healthy country with maintained moral compass. If #China continue to delude and to morally corrupt its people it will be sick as #Russia a time bomb #Indonesia #BRICS #Ukraine #Russian #PutinWarCrimes #Bucha #BuchaMassacre","1511819421354180608","","","en","Jakarta, Indonesia","0","0","0","https://x.com/adhigaduh/status/1511819421354180608","102639230","adhigaduh"
"1520709698554503173","Sun May 01 10:20:20 +0000 2022","232","Hasil yang baik untuk Indonesia di #BAC2022 Perolehan Medali Tiongkok 312 INDONESIA 113 Malaysia 111 Jepang 22 Korea Selatan 1 India 1 Semoga medali bertambah di #AsianGames2022","1520709698554503173","","","in","Jakarta, Indonesia","1","0","48","https://x.com/alfianto_ian/status/1520709698554503173","1133290995347443713","alfianto_ian"
"1511215369654239234","Tue Apr 05 05:33:15 +0000 2022","0","If #BuchaGenocide is real you should make some conclusion about the liars who tried to defend the murderers ya? So you know they lied in the past they lie now and they will lie in the future Acrobatically shamelessly #IntoUkraine #WestWatch #China #India #Indonesia #BRICS","1511215369654239234","","","en","Jakarta, Indonesia","0","1","0","https://x.com/adhigaduh/status/1511215369654239234","102639230","adhigaduh"
"1516927712224768000","Wed Apr 20 23:52:22 +0000 2022","249","Ingat kuncinya diikuti oleh SEMUA anggotanya. Contoh: KTT BRICS diikuti LIMA negara yakni Rusia India Tiongok Brasil dan Afrika Selatan.","1516927789731295233","","fauzanalrasyid","in","Jakarta, ID","0","4","5","https://x.com/fauzanalrasyid/status/1516927789731295233","53859736","fauzanalrasyid"
"1507892893973114881","Sun Mar 27 01:30:55 +0000 2022","1","This #Putin software is not safe. Might steals your data &amp; probably take over your computer to attack others Consistent with #PutinLies about #Friendship this is lies about #cybersecurity #China #India #Indonesia #Africa #BRICS #PutinIsRight #UkraineÔ∏è #NATO #USA #CyberAttack","1507892893973114881","","","en","Jakarta, Indonesia","0","0","0","https://x.com/adhigaduh/status/1507892893973114881","102639230","adhigaduh"
"1489274327149457408","Thu Feb 03 16:27:23 +0000 2022","186","Inilah Harta-Karun Indonesia yang sesungguhnya dan yang menjadi 'incaran' dari banyak Negara di dunia ..... CC : @Dennysiregar7 @_ekokuntadhi @Megatop99 @YRadianto @AyahHanita___ @pengarang_sajak Video (1) : . https://t.co/czmd1sYALq","1489274327149457408","https://pbs.twimg.com/ext_tw_video_thumb/1489274222090555398/pu/img/ElUgaIkUoTb7UsC2.jpg","","in","Jakarta Pusat, DKI Jakarta","8","10","79","https://x.com/OmBregas/status/1489274327149457408","1317013994884919297","OmBregas"
"1523396316067667969","Sun May 08 20:15:59 +0000 2022","1","I don't understand why Indonesia doesn't join BRICS as well. It just shows that Indonesia is not that independent or sovereign.","1523396316067667969","","","en","","0","0","0","https://x.com/RooneySianny/status/1523396316067667969","1189845201466122241","RooneySianny"
"1503417007596789768","Tue Mar 15 07:12:07 +0000 2022","90","@DTortaja @Medios_Rusos As√≠ es. Pero esta vez son Rusia China y ojo tambien m√°s pa√≠ses: India los pa√≠ses de la Uni√≥n Eurasi√°tica Indonesia los BRICS Ir√°n Siria Venezuela Cuba los pa√≠ses de la ruta de ls seda Argentina Mexico. La histeria de EEUU acaba en III GM (el fin) o admite su decadencia","1503630102114062339","","DTortaja","es","Bilbao, Spain","0","2","25","https://x.com/luis_marrama/status/1503630102114062339","1444039293207461893","luis_marrama"
"1521194209801297921","Mon May 02 18:25:36 +0000 2022","351","As G7 president Germany is inviting BRICS countries India and South Africa G20 host Indonesia and African Union head Senegal to the summit Germany's outreaches to these countries make the G7 meeting more multipolar and amplify efforts to isolate Russia","1521194209801297921","","","en","London, England","2","6","55","https://x.com/SamRamani2/status/1521194209801297921","1957610664","SamRamani2"
"1490373472211505158","Sun Feb 06 17:15:00 +0000 2022","170"," [Cuplikan Gol] @persib vs @BhayangkaraFC. Sani Rizki berhasil melepaskan sepakan keras usai lolos dari kawalan Victor Igbonefo #BRILiga1 #BangkitBersama #DukungDariRumah https://t.co/5aUeiSzwCD","1490373472211505158","https://pbs.twimg.com/amplify_video_thumb/1490346459035992066/img/cOr5eQZUXzm7ZZBl.jpg","","in","Indonesia","19","12","30","https://x.com/Liga1Match/status/1490373472211505158","703416271157612544","Liga1Match"
"1527412232354684928","Thu May 19 22:13:48 +0000 2022","0","pakistan turkey indonesia and nigeria are just BRICS for losers","1527412232354684928","","","en","Partaig üè¥Û†ÅßÛ†Å¢Û†Å≥Û†Å£Û†Å¥Û†Åø","0","0","0","https://x.com/ProgDirectorate/status/1527412232354684928","266163439","ProgDirectorate"
"1528405500982878210","Sun May 22 16:00:42 +0000 2022","0","If Indonesia joins BRICS will it be ASEAN's voice within BRICS?","1528405500982878210","","","en","H√≤n bi xanh","0","1","0","https://x.com/vietborealia/status/1528405500982878210","2600257213","vietborealia"
"1527763983935102976","Fri May 20 21:31:32 +0000 2022","24","#ULTIMO üá∑üá∫üá®üá≥üá¶üá∑üáßüá∑üáøüá¶üá∞üáøüá™üá¨üá∏üá≥üá¶üá™üáπüá≠üáÆüá©üá∏üá¶El di√°logo de ministros de Relaciones Exteriores BRICS Plus se llev√≥ a cabo con √©xito y asistieron ministros de Relaciones Exteriores de los pa√≠ses BRICS Kazajst√°n Arabia Saudita Argentina Egipto Indonesia Nigeria Senegal y representantes 1/2 https://t.co/E0c6GKqjzw","1527763983935102976","https://pbs.twimg.com/media/FTO1P1RWAAIzZBu.jpg","","es","Lima, Peru","0","1","18","https://x.com/DOGDEGA/status/1527763983935102976","369846834","DOGDEGA"
"1527738965398257666","Fri May 20 19:52:08 +0000 2022","5","China: Kazakhstan Saudi Arabia Argentina Egypt Indonesia Nigeria Senegal UAE &amp; Thailand to join BRICS+ Dialogue. Solidarity &amp; cooperation of emerging markets &amp; developing countries to address today s global challenges. FAIR WORLD ORDER- Lavrov","1527738965398257666","","","en","","1","0","2","https://x.com/108SAR/status/1527738965398257666","326879802","108SAR"
"1528648092295131136","Mon May 23 08:04:40 +0000 2022","0","I hope the BRICS group can expand - perhaps include Indonesia Argentina and more. Important to have a countervailing force to limit USA unilateralism. https://t.co/0cPAEVRU3O","1528648092295131136","","","en","","0","0","0","https://x.com/richieahuja/status/1528648092295131136","96738837","richieahuja"
"1510942980030738433","Mon Apr 04 11:30:53 +0000 2022","0","#Putin's detailed plan for Ukraine genocide was published by #Russian propaganda outlet - no mystery. This might be what 'according to plan' means #China #Chinese #India #Indonesia #SouthAfrica #Africa #African #Indian #BRICS #PutinIsRight #WesternHypocrisy #IStandWithPutin","1510942980030738433","","","en","Jakarta, Indonesia","0","0","0","https://x.com/adhigaduh/status/1510942980030738433","102639230","adhigaduh"
"1528194217624969216","Sun May 22 02:01:08 +0000 2022","3","Shocking #news for #Washington &amp; #Brussels: #BRICS members back #China s call for expansion. Will #Indonesia or #Algeria be next and will the #CIA have to get active to overthrow their regimes before it happens? https://t.co/YcvbvcASAy #USA #EuropeanUnion #NATO #Russia #Ukraine","1528194217624969216","","","en","","0","1","2","https://x.com/felixabt/status/1528194217624969216","61733493","felixabt"
"1509553366934114304","Thu Mar 31 15:29:03 +0000 2022","337","Aji Santoso terpilih sebagai pelatih terbaik BRI Liga 1. Pelatih PERSEBAYA Surabaya tersebut berhasil membawa timnya menampilkan permainan yang atraktif sepanjang BRI Liga 1 #BRILiga1 #BangkitBersama #DukungDariRumah https://t.co/Csi1ZGk7VU","1509553366934114304","https://pbs.twimg.com/media/FPMCvbjakAMgkIK.jpg","","in","Indonesia","11","7","74","https://x.com/Liga1Match/status/1509553366934114304","703416271157612544","Liga1Match"
"1528307178221838336","Sun May 22 09:30:00 +0000 2022","1","Negara-negara BRICS perbarui janji untuk perkuat kerja sama lingkungan https://t.co/204LuXOqZQ https://t.co/c6sYSzNLxT","1528307178221838336","https://pbs.twimg.com/media/FTVNP3eVEAAQvuX.jpg","","in","Jakarta Capital Region","0","0","0","https://x.com/XHIndonesia/status/1528307178221838336","3271146871","XHIndonesia"
"1527605057713106945","Fri May 20 11:00:01 +0000 2022","0","Presiden Xi sebut Tiongkok akan bekerja dengan BRICS untuk dorong pembangunan bersama https://t.co/ns4dw4xu4Z https://t.co/uHVW0oZgHH","1527605057713106945","https://pbs.twimg.com/media/FTLuVo_aIAAJw-U.jpg","","in","Jakarta Capital Region","0","0","0","https://x.com/XHIndonesia/status/1527605057713106945","3271146871","XHIndonesia"
"1527738311304962048","Fri May 20 19:49:32 +0000 2022","1","FAIR WORLD ORDER: Kazakhstan Saudi Arabia Argentina Egypt Indonesia Nigeria Senegal UAE &amp; Thailand to join BRICS+ Dialogue. China: Solidarity &amp; cooperation of emerging markets &amp; developing countries is of great significance to address today s global challenges. ","1527738311304962048","","","en","","0","1","1","https://x.com/108SAR/status/1527738311304962048","326879802","108SAR"
"1509727118116401153","Fri Apr 01 02:59:28 +0000 2022","230","Klasemen akhir BRI Liga 1 Bali United FC keluar sebagai juara. Sementara PERSIPURA Jayapura PERSELA Lamongan dan PERSIRAJA Banda Aceh terdegradasi pada musim ini. #BRILiga1 #BangkitBersama #DukungDariRumah https://t.co/7CoWaJwBm2","1509727118116401153","https://pbs.twimg.com/media/FPMH8X1aMAAYyNw.jpg","","in","Indonesia","6","10","74","https://x.com/Liga1Match/status/1509727118116401153","703416271157612544","Liga1Match"
"1522382027915350018","Fri May 06 01:05:34 +0000 2022","211","On April 30 the prefabrication of 343 trusses of box girders for the Bandung section of the CREC co-contracted Jakarta-Bandung High-speed Railway Project was completed marking another breakthrough in the construction of the Jakarta-Bandung high-speed #railway. https://t.co/HciWDXwB6x","1522382027915350018","https://pbs.twimg.com/media/FSCWBY2UcAAYTmJ.jpg","","en","","0","0","9","https://x.com/CRECofficial/status/1522382027915350018","1165820227981983745","CRECofficial"
"1512989215529005065","Sun Apr 10 03:01:53 +0000 2022","0","Indonesia kedepan perlu pertimbangkan bergabung dengan BRICS #DinarInstitute #Dinarpedia","1512989215529005065","","","in","Yogyakarta","0","0","0","https://x.com/SidiAbdullah_/status/1512989215529005065","32913800","SidiAbdullah_"
"1529905046393131010","Thu May 26 19:19:21 +0000 2022","3","#BREAKING : nei #BRICS (Brasile India Cina Sudafrica) entrano stati orientali come Pakistan Indonesia Malaysia poi si candida l'Argentina e secondo la Russia l'Arabia Saudita.","1529905046393131010","","","it","","0","2","3","https://x.com/DanielaColi2/status/1529905046393131010","885789131703537664","DanielaColi2"
"1507053006902157313","Thu Mar 24 17:53:31 +0000 2022","3","War between G7 and BRICS going ballistic at G20 in Bali Indonesia. Watch the ridiculous protocol game of who sits next to whom in the photo-shut.","1507053006902157313","","","en","Paris, Cannes, Milan, Bucarest","0","0","0","https://x.com/PopescuCo/status/1507053006902157313","369786451","PopescuCo"
"1527801586076258304","Sat May 21 00:00:57 +0000 2022","0"," BRICS Plus foreign ministers dialogue was successfully held and attended by FMs from BRICS countries Kazakhstan Saudi Arabia Argentina Egypt Indonesia Nigeria Senegal and representatives from UAE and Thailand China's Foreign Ministry announced... ","1527801586076258304","","","en","","0","0","0","https://x.com/t_hypocracy/status/1527801586076258304","1353872252823953408","t_hypocracy"
"1479252071660482564","Fri Jan 07 00:42:31 +0000 2022","407","On December 9 2021 the box girder erection of DK1114 bridge the last bridge¬†in the direction of Bandung to Jakarta was successfully completed in the beam yard of the CREC co-contracted Jakarta-Bandung High-speed Railway Project. #railway https://t.co/MREVCSYkME","1479252071660482564","https://pbs.twimg.com/media/FIdbK1bVcAMAtzj.jpg","","en","","0","1","17","https://x.com/CRECofficial/status/1479252071660482564","1165820227981983745","CRECofficial"
"1524639072005746688","Thu May 12 06:34:15 +0000 2022","119","Sobat BRI. Hati-hati terhadap informasi palsu (HOAX) yang mengatasnamakan BRI jangan klik Link yang dikirimkan oleh akun palsu. Akun resmi BRI hanya yang bercentang biru (Verified). Selalu jaga kerahasiaan data pribadi untuk terhindar dari kejahatan perbankan. #BRIEdukasi https://t.co/iEV0ISlBdh","1524639072005746688","https://pbs.twimg.com/media/FSibCRbUUAUKiDn.jpg","","in","Jl Jend Sudirman 44-46 Jakarta","2","97","30","https://x.com/kontakBRI/status/1524639072005746688","1355925366","kontakBRI"
"1527900868766490630","Sat May 21 06:35:28 +0000 2022","8","China has suggested expansion of BRICS looks forward to Pakistan Turkey Malaysia Indonesia being part of BRICS.","1527900868766490630","","","en","London & Leamington Spa ","0","0","0","https://x.com/AB_cheema/status/1527900868766490630","339718833","AB_cheema"
"1498639296143958016","Tue Mar 01 12:40:26 +0000 2022","83","Good news sobat BRI! Buat kamu pemegang saham BBRI dalam RUPST tahun ini diputuskan BRI akan membagikan dividen sebesar Rp26 40 triliun atau 85% dari total laba konsolidasian https://t.co/ugqkqt5KR3","1498639296143958016","https://pbs.twimg.com/media/FMw8fihakAI1qv6.jpg","","in","Jl Jend Sudirman 44-46 Jakarta","8","157","10","https://x.com/BANKBRI_ID/status/1498639296143958016","1355939492","BANKBRI_ID"
"1527589955924643844","Fri May 20 10:00:01 +0000 2022","1","Menlu Tiongkok Wang Yi memimpin pertemuan Para Menteri Luar Negeri BRICS yang dilaksanakan via tautan video di Beijing pada Kamis (19/5). Pertemuan ini dihadiri oleh Menteri Kerja Sama dan Hubungan Internasional Afrika Selatan dan sejumlah menlu lainnya https://t.co/QDFpxcKGfA https://t.co/ZQXq1WVO7r","1527589955924643844","https://pbs.twimg.com/media/FTLqsOSaAAELTGh.jpg","","in","Jakarta Capital Region","0","0","0","https://x.com/XHIndonesia/status/1527589955924643844","3271146871","XHIndonesia"
"1529035259471224832","Tue May 24 09:43:08 +0000 2022","411","Apa sih yang nggak bisa dilakukan sama BRILink? Transfer uang bayar listrik hingga bayar BPJS semuanya bisa di BRILink! (Kecuali nagih utang temen kamu yang bilang Pake uang lo dulu ya kalau ini di luar kendali kami ) Kalo kamu biasanya transaksi apa di BRILink? https://t.co/HAOMAI4oPO","1529035259471224832","https://pbs.twimg.com/media/FTg5dcZUYAIbO7J.jpg","","in","Jl Jend Sudirman 44-46 Jakarta","1","94","15","https://x.com/BANKBRI_ID/status/1529035259471224832","1355939492","BANKBRI_ID"
"1507358656777834507","Fri Mar 25 14:08:03 +0000 2022","309","Bali United FC pastikan gelar juara BRI Liga 1 usai PERSIB Bandung bermain imbang 0-0 dengan PERSIK Kediri. Selamat Serdadu Tridatu! #BRILiga1 #BangkitBersama #DukungDariRumah https://t.co/RwLC1zd0W2","1507358656777834507","https://pbs.twimg.com/media/FOs2oN5acAI-5Yd.jpg","","in","Indonesia","7","20","54","https://x.com/Liga1Match/status/1507358656777834507","703416271157612544","Liga1Match"
"1524730248369217536","Thu May 12 12:36:33 +0000 2022","1","Como brasileira apoio totalmente a admiss√£o no BRICS n√£o s√≥ da Argentina mas tamb√©m do M√©xico Panam√° Egito Arg√©lia Indon√©sia Filipinas e outros inclusive transformando o BRICS em alian√ßa militar e com moeda pr√≥pria. Seria um chuta√ßo nos EUA na OTAN!","1524730248369217536","","","pt","Nova Igua√ßu/Mirandela","0","0","0","https://x.com/lydiamoraes91/status/1524730248369217536","64217734","lydiamoraes91"
"1504450105629638660","Thu Mar 17 13:30:31 +0000 2022","177","Saat Alex Rins @Rins42 dan pembalap MotoGP terpesona dengan GENDANG BELEQ Lombok Cuando Alex Rins y los pilotos de MotoGP est√°n fascinados con GDANG BELEQ Lombok #IndonesianGP https://t.co/9tzMLqepgy","1504450105629638660","https://pbs.twimg.com/ext_tw_video_thumb/1504448976531378176/pu/img/oZr3vucKP5dzJxKW.jpg","","in","","1","6","40","https://x.com/BiLLRaY2019/status/1504450105629638660","1159475566069731331","BiLLRaY2019"
"1512115479514689540","Thu Apr 07 17:09:58 +0000 2022","847","Ven√§j√§ erotetaan YK:n ihmisoikeusneuvostosta mutta olihan tuo √§√§nestys h√§kellytt√§v√§: Ainutkaan #BRICS -maa ei suostunut tuomitsemaan Ven√§j√§√§ - eiv√§tk√§ Pakistan Indonesia Nigeria Egypti Persianlahden √∂ljymaat... Afrikassa Putinilla on vahva jalansija. #Ukraina #YK","1512115479514689540","","","fi","","5","49","40","https://x.com/MikaHentunen/status/1512115479514689540","558464210","MikaHentunen"
"1528122347009589248","Sat May 21 21:15:33 +0000 2022","8","So the other countries on the call were Argentina Egypt Indonesia Kazakhstan Nigeria the UAE Saudi Arabia Senegal and Thailand. Good luck with an acronym. I ll go first: BRICS USE A STINK","1528122347009589248","","","en","","2","2","1","https://x.com/georgemagnus1/status/1528122347009589248","2220183580","georgemagnus1"
"1530472559933890560","Sat May 28 08:54:27 +0000 2022","0","At the #BRICS summit this week (hosted by #China) the following countries were invited (as #BRICSplus): - Argentina (#G20) - Indonesia (#NAASP) - Egypt (#G77) - Jamaica (#CARICOM) - Turkey (#OIC) - UN representatives https://t.co/t1wVIgK4aw","1530472559933890560","","","en","Berlin-Brandenburg","0","0","5","https://x.com/ronpatz/status/1530472559933890560","129026706","ronpatz"
"1489823981339561986","Sat Feb 05 04:51:31 +0000 2022","325","Sobat BRI. Yuk simak tips berikut agar terhindar dari penipuan berkedok investasi. Pastikan hanya membeli produk investasi dengan legalitas resmi dan diawasi lembaga/otoritas. Sehat dan sukses selalu ya. #BRIEdukasi https://t.co/dIOeYdAmXL","1489823981339561986","https://pbs.twimg.com/media/FKzq5DKaQAA-HK9.jpg","","in","Jl Jend Sudirman 44-46 Jakarta","0","123","17","https://x.com/kontakBRI/status/1489823981339561986","1355925366","kontakBRI"
"1512994531159179268","Sun Apr 10 03:23:00 +0000 2022","1","@RT_com Rusia can invite Muslim countries in Asia to be the member of BRICS Indonesia Malaysia and Brunei. Gold and silver as standard. Muslim in Indonesia already minting 1 Dinar 4.44 gram fine gold (9999) or 1/7 oz and 1 Dirham 3.11 gram fine silver (9999) 1/10 or 1/10 oz","1512994531159179268","","RT_com","en","Yogyakarta","0","0","0","https://x.com/SidiAbdullah_/status/1512994531159179268","32913800","SidiAbdullah_"
"1508652575952093190","Tue Mar 29 03:49:38 +0000 2022","222","Rizky Ridho &amp; Bagas Kaffa Dua pemain muda yang mampu menampilkan kualitas permainannya di BRI Liga 1 #BRILiga1 #BangkitBersama #DukungDariRumah https://t.co/9ZOj3st6qW","1508652575952093190","https://pbs.twimg.com/media/FO_FIoRaMAIqx_r.jpg","","in","Indonesia","4","7","19","https://x.com/Liga1Match/status/1508652575952093190","703416271157612544","Liga1Match"
"1528633398654287872","Mon May 23 07:06:17 +0000 2022","2","Ls miembros d BRICS (Brasil Rusia India Sud√°frica) est√°n apoyando p√∫blicamente el llamado d China para expandir el bloque econ√≥mico Los nuevos miembros probables ser√°n Argentina e Indonesia y potencialmente Nigeria y Kazajst√°n Otro golpe a la hegemon√≠a unipolar estadounidense","1528633398654287872","","","es","","0","0","2","https://x.com/cleosagas1/status/1528633398654287872","3064247597","cleosagas1"
"1527432883358810112","Thu May 19 23:35:52 +0000 2022","0","Indonesia attended BRICS forum to say stop the war","1527432883358810112","","","en","Jakarta","0","0","0","https://x.com/fahmi_alfansi/status/1527432883358810112","59065717","fahmi_alfansi"
"1527687861792919554","Fri May 20 16:29:03 +0000 2022","0","MT @Lord_of_War__ #China has suggested expansion of #BRICS Looks forward to #Pakistan #Turkey #Malaysia #Indonesia joining. #Chinese foreign minister stressed the need to include more emerging #economies into the fold of BRICS. | #Ukraine https://t.co/DdaNg8eW3k","1527687861792919554","","","en","London","0","0","0","https://x.com/JanisSharp/status/1527687861792919554","22322768","JanisSharp"
"1506647582491164676","Wed Mar 23 15:02:30 +0000 2022","32","It's going to be fascinating to see how the G20 Summit chaired by Indonesia goes. Cant see western countries going if Putin is invited. But Brics/Indonesia will not want to shut Russia out.","1506647582491164676","","","en","London and the world","0","6","17","https://x.com/gideonrachman/status/1506647582491164676","17133897","gideonrachman"
"1523860436642418688","Tue May 10 03:00:14 +0000 2022","2","From next month China Cambodia Indonesia and Thailand will successively host the BRICS Leaders Meeting the East Asian Leaders meetings on cooperation the G20 Leaders Summit and the APEC Economic Leaders Meeting https://t.co/lFNznXBau3","1523860436642418688","","","en","Phnom Penh, Cambodia","0","0","0","https://x.com/KhmerTimes/status/1523860436642418688","2579852005","KhmerTimes"
"1507154443732590593","Fri Mar 25 00:36:35 +0000 2022","395","On March 17 the box girders prefabrication in the No. 4 beam yard of the CREC co-contracted Jakarta-Bandung High-Speed Railway Project surpassed 900 trusses with nearly 90% of the box girders completed. #railway #Indonesia https://t.co/hswi16t5Qm","1507154443732590593","https://pbs.twimg.com/media/FOp8UlqVgAcDe7T.jpg","","en","","0","1","11","https://x.com/CRECofficial/status/1507154443732590593","1165820227981983745","CRECofficial"
"1512230053861634065","Fri Apr 08 00:45:15 +0000 2022","9","O Chile pelegar n√£o surpreende tanto mas a Argentina... O que significa mesmo ser um governo de esquerda atualmente? Nenhum pa√≠s dos BRICS-MINT (M√©xico-Indon√©sia-Nig√©ria-Turquia) condenou a R√∫ssia exceto a Turquia por motivos √≥bvios.","1512230053861634065","","","pt","Porto Alegre and Bras√≠lia","0","0","0","https://x.com/LuisFelipeGiest/status/1512230053861634065","2476331775","LuisFelipeGiest"
"1527750715233357825","Fri May 20 20:38:49 +0000 2022","0","The BRICS are looking to expand the group. The top country on the short list is Indonesia. Countries represented at the meeting were Argentina Egypt Indonesia Kazakhstan Nigeria the UAE Saudi Arabia Senegal and Thailand.","1527750715233357825","","","en","","0","0","0","https://x.com/GeopoliticsW/status/1527750715233357825","1421572944573059074","GeopoliticsW"
"1527978818933243904","Sat May 21 11:45:13 +0000 2022","29","BRICS Plus foreign ministers dialogue was successfully held and attended by foreign ministers from #BRICS countries üá∞üáøKazakhstan üá∏üá¶Saudi Arabia üá¶üá∑Argentina üá™üá¨#Egypt üáÆüá©Indonesia üá≥üá¨#Nigeria üá∏üá≥#Senegal and representatives of the foreign ministers of the üá¶üá™UAE and üáπüá≠Thailand","1527978818933243904","","","en","Addis Ababa, Ethiopia","1","1","4","https://x.com/ChinatoAU/status/1527978818933243904","1510975789923278852","ChinatoAU"
"1527304706569404417","Thu May 19 15:06:32 +0000 2022","1","BRICS FM Meeting with FMs from Emerging Markets and Developing Countries today. Very interesting to see participation of some countries including Indonesia","1527304706569404417","","","en","Jakarta","0","0","1","https://x.com/fahmi_alfansi/status/1527304706569404417","59065717","fahmi_alfansi"
"1527679262844764160","Fri May 20 15:54:53 +0000 2022","1","China quiere expandir el BRICS Argentina hace a√±os que es candidato juntoa Turqu√≠a Indonesia o M√©xico. Esto ser√° un dolor de cabeza para AF que dice que quiere entrar pero en realidad es europeo y prefiere a la UE.. https://t.co/im7rV3JnTH","1527679262844764160","","","es","Argentina","0","1","1","https://x.com/humoyespejos_/status/1527679262844764160","260828194","humoyespejos_"
"1509698383531102208","Fri Apr 01 01:05:18 +0000 2022","221","Recently KCIC owner of the CREC co-contracted Jakarta-Bandung High-Speed Railway Project has carried on an inspection. CREC has taken precise measures and made thorough arrangements to ensure the opening of the entire line on June 30 2023. #railway #Indonesia https://t.co/sJn07sSm9T","1509698383531102208","https://pbs.twimg.com/media/FPOGod2acAIO36n.jpg","","en","","1","1","9","https://x.com/CRECofficial/status/1509698383531102208","1165820227981983745","CRECofficial"
"1514544338465787905","Thu Apr 14 10:01:23 +0000 2022","172","Temen siapa nih yang kayak gini? Pas minjem memelas. Pas ditagih eh malah ngegas. #BRI #MemberiMaknaIndonesia https://t.co/mR5o6MPBC5","1514544338465787905","https://pbs.twimg.com/media/FQS-C0kVEAUawYU.jpg","","in","Jl Jend Sudirman 44-46 Jakarta","3","47","25","https://x.com/BANKBRI_ID/status/1514544338465787905","1355939492","BANKBRI_ID"
"1527327658216144897","Thu May 19 16:37:44 +0000 2022","16","China wants expansion of BRICS and may want Indonesia Pakistan Turkey Argentina etc. to become part of expanded BRICS.","1527327658216144897","","","en","Ahmedabad","1","4","1","https://x.com/MJ_007Club/status/1527327658216144897","1357739708579602432","MJ_007Club"
"1528131512952029185","Sat May 21 21:51:58 +0000 2022","2","Kazakhstan Saudi Arabia Argentina Egypt Nigeria Indonesia Senegal UAE &amp; Thailand to join BRICS forum (Brazil Russia India China South Africa) NATO will be like what ","1528131512952029185","","","en","Adamawa, Nigeria","0","0","0","https://x.com/Ibraheemaji10/status/1528131512952029185","2822907243","Ibraheemaji10"
"1509861945314525186","Fri Apr 01 11:55:14 +0000 2022","78","BRI Liga 1 memang Bali United juaranya tapi kalau urusan transaksi #BRIMoJuaranya Fitur Fast Menu login praktis pake fingerprint/Face ID dan belanja online dengan Scan QRIS bikin kamu betah bertransaksi lewat BRIMo. https://t.co/JWcMedBLMz","1509861945314525186","https://pbs.twimg.com/media/FPQbbxnakAck-oA.jpg","","in","Jl Jend Sudirman 44-46 Jakarta","8","199","17","https://x.com/BANKBRI_ID/status/1509861945314525186","1355939492","BANKBRI_ID"
"1527281309822832646","Thu May 19 18:24:31 +0000 2022","154","Brics + meet hosted by China saw participation of Foreign Ministers of Argentina Egypt Indonesia Kazakhstan Nigeria Saudi Arabia Senegal Thailand and the UAE (9). So total 14 FMs took part in the meet.","1527354530152665106","","sidhant","en","New Delhi, India","2","0","12","https://x.com/sidhant/status/1527354530152665106","17670329","sidhant"
"1528167168629669888","Sun May 22 00:13:39 +0000 2022","1"," #BRICS+ Dialogue with Kazakhstan Saudi Arabia Argentina Egypt Indonesia Nigeria Senegal the United Arab Emirates and Thailand. If we would not have picked some of those partners then it is very telling that they have accepted the invitation. https://t.co/Vozz8hEzJ4","1528167168629669888","","","en","","0","0","1","https://x.com/cross_flag/status/1528167168629669888","1457750511814430726","cross_flag"
"1503989503299575812","Wed Mar 16 07:00:15 +0000 2022","22","¬øEl fin de los BRICS? Ahora se podr√≠a denominar a M√©xico Indonesia Corea del Sur y Turqu√≠a como mercados bajo el acr√≥nimo MIST (niebla en ingl√©s) dijo Rahul Sen Sharma socio gerente de Indxx un proveedor de √≠ndices globales. https://t.co/0uf46u9Rr6","1503989503299575812","","","es","En todas partes","0","1","11","https://x.com/CNNEE/status/1503989503299575812","33884545","CNNEE"
"1494214125710315521","Thu Feb 17 07:36:23 +0000 2022","1","Indonesia signals to ASEAN China BRICS and the partner countries of the Belt and Road that dedollarisation is going to happen faster than the adoption of electric vehicles.","1494214125710315521","","","en","Phnom Penh","0","0","1","https://x.com/DGB365/status/1494214125710315521","17225759","DGB365"
"1527686666839904256","Fri May 20 16:24:19 +0000 2022","7","üá®üá≥ Kina offentliggj√∏r utvidelse av BRICS+ platformen BRICS: Brasil Russland India Kina S√∏r Afrika BRICS+: Kazakhstan Saudi Arabia Argentina Egypt Indonesia Nigeria Senegal Arabiske Emirater og Thailand. Videre plan: Pakistan Tyrkia Malaysia og Indonesia","1527686666839904256","","","no","Norway","2","0","3","https://x.com/hlidskjalfr/status/1527686666839904256","1499343565385830403","hlidskjalfr"
"1506103392615415808","Tue Mar 22 03:00:05 +0000 2022","135","Sobat BRI! Masihkah kamu bingung terkait cara bertransaksi di Agen BRILink? Yuk cek thread ini. #BRIringan #MemberiMaknaIndonesia https://t.co/7xcEPe4sIy","1506103392615415808","https://pbs.twimg.com/media/FObBDMKagAIGvam.jpg","","in","Jl Jend Sudirman 44-46 Jakarta","0","151","6","https://x.com/BANKBRI_ID/status/1506103392615415808","1355939492","BANKBRI_ID"
"1497220432151609347","Fri Feb 25 14:42:22 +0000 2022","0","#Ukraine #Russia &amp; Beyond! https://t.co/FUMcmgc6UJ via @AJEnglish #Australia #auspol #ALP #Greens #EU #USA #Canada #UK #MiddleEast #Africa #Brazil #ASEAN #G7 #BRICs #CHINA #SouthAfrica #Indonesia #NewZealand","1497220432151609347","","","en","","0","0","0","https://x.com/TheMiacat/status/1497220432151609347","167618336","TheMiacat"
"1481217727939424261","Wed Jan 12 10:53:20 +0000 2022","5","#BHDunia #asia China dan Indonesia masing-masing menggalas tanggungjawab sebagai pengerusi BRICS dan Kumpulan 20 (G20) pada tahun ini. https://t.co/rlZWhB9oDu","1481217727939424261","","","in","Malaysia","0","0","0","https://x.com/bharianmy/status/1481217727939424261","63070483","bharianmy"
"1530705625793044480","Sun May 29 00:20:34 +0000 2022","0","via @heterodox_blogs Expanding BRICS? Chinese paramount leader Xi Jinping has called for the BRICS group to expand to include Kazakhstan Uzbekistan Thailand Indonesia Argentina Nigeria Senegal Egypt and Saudi Arabia. The https://t.co/4SHYKd0R24","1530705625793044480","","","en","snbchf.com ","0","0","0","https://x.com/DorganG/status/1530705625793044480","142010224","DorganG"
"1529048283594858496","Tue May 24 10:34:53 +0000 2022","0","#BRICS I really hope that Egypt Saudi UAE Indonesia Nigeria Argentina Senegal Khazakstan Thailand and a whole lot more join. The World needs balance and an anti NATO alliance.","1529048283594858496","","","en","Equador","0","0","0","https://x.com/6531933D/status/1529048283594858496","624557599","6531933D"
"1527603438548312065","Fri May 20 10:53:35 +0000 2022","10","China has suggested expansion of BRICS looks forward to Pakistan Turkey Malaysia Indonesia being part of BRICS. Chinese foreign minister has stressed upon the need of including more emerging economies into the fold of BRICS. Source: @SouthAsiaIndex","1527603438548312065","","","en","Punjab, Pakistan","0","0","1","https://x.com/HeyitisAdi/status/1527603438548312065","890951112517464065","HeyitisAdi"
"1512506447438901250","Fri Apr 08 19:03:32 +0000 2022","0","The key issue of our time is ending residual Pakistan/India hostilities. BRICS has to enlist Indonesia Pakistan and Iran at a minimum.","1512506447438901250","","","en","","0","1","0","https://x.com/mariondelgado/status/1512506447438901250","19079838","mariondelgado"
"1527990358168047618","Sat May 21 12:31:04 +0000 2022","0","RT @SouthAsiaIndex: Just IN: China has suggested expansion of BRICS looks forward to Pakistan Turkey Malaysia Indonesia being part of BRICS. Will @PMOIndia allow this @meaindia @hmoindia @narendramodi @NSO365","1527990358168047618","","","en","","0","0","0","https://x.com/vishal_hbl/status/1527990358168047618","128483671","vishal_hbl"
"1527900301721755649","Sat May 21 06:33:13 +0000 2022","2","China has suggested expansion of BRICS looks forward to mainly Pakistan Turkey Malaysia Indonesia being part of BRICS. @BBhuttoZardari","1527900301721755649","","","en","London & Leamington Spa ","0","0","0","https://x.com/AB_cheema/status/1527900301721755649","339718833","AB_cheema"
"1529858857828327426","Thu May 26 16:15:49 +0000 2022","27","#ModiAt8 | We are a large nation part of BRICS moving at the speed of TIPS (Thailand Indonesia Philippines Singapore): Karuna Gopal Political Analyst &amp; Founder President Foundation for Futuristic Cities https://t.co/Jprdm7aZAw https://t.co/lUrboG5Nk2","1529858857828327426","https://pbs.twimg.com/amplify_video_thumb/1529858547630194692/img/a3O6ROvDAvr0g42r.jpg","","en","Mumbai, India","1","3","4","https://x.com/republic/status/1529858857828327426","811972460560019456","republic"
"1529409902703149056","Wed May 25 10:31:50 +0000 2022","3","I BRICS sono un blocco impermeabile alle sanzioni occidentali contro la Russia. Continuano tranquillamente a fare affari fra di loro.Altri Paesi che ora si avvicinano ai BRICS: Argentina Egitto Indonesia Kazakhstan Nigeria Emirati Arabi Uniti Arabia Saudita Senegal Thailandia","1529409902703149056","","","it","Carbonara ","0","1","2","https://x.com/Teresat73540673/status/1529409902703149056","1359758912174645249","Teresat73540673"
"1527542169741172736","Fri May 20 06:50:08 +0000 2022","3","Will #Brazil &amp; #India let #China hijack the #BRICS to create a bloc led by it? Russia doesn t seem to be in a position to resist (crntly)! South Africa likely to remain neutral. From our perspective we could consider adding Indonesia Singapore Mexico Nigeria Saudi Arabia","1527542169741172736","","","en","New Delhi, India","0","3","1","https://x.com/dravirmani/status/1527542169741172736","415436105","dravirmani"
"1528048511593463808","Sat May 21 16:22:09 +0000 2022","724","√áin y√∂netimi Brezilya Rusya Hindistan √áin ve G√ºney Afrika'nƒ±n olu≈üturduƒüu BRICS grubunun yeni √ºyelerle geni≈ületilmesi √ßaƒürƒ±sƒ±nda bulundu. https://t.co/C6I8XZ3i9G","1528048511593463808","https://pbs.twimg.com/media/FTS4BTBWQAAc6Qj.jpg","","tr","Stratejist/Siyaset/Bilim/21.yy","3","12","69","https://x.com/abdullahciftcib/status/1528048511593463808","2787936004","abdullahciftcib"
"1530402444659728389","Sat May 28 04:15:50 +0000 2022","313","¬°¬°A CUARTOS DE FINAL EN INDONESIA!! Brisa Hennessy volvi√≥ a competir siendo la n√∫mero 1 del ranking @wsl y lo hizo ganando su heat en el Roxy Pro G-Land de Indonesia. En la sexta parada del Championship Tour la tica obtuvo 13.83 puntos para triunfar en la primera ronda. https://t.co/DwNpnkrbNC","1530402444659728389","https://pbs.twimg.com/ext_tw_video_thumb/1530402343421988869/pu/img/H0f1XJPYgXt31io1.jpg","","es","San Jos√©, Costa Rica ","2","3","26","https://x.com/FedeSurfCR/status/1530402444659728389","113236282","FedeSurfCR"
"1517754232438652929","Sat Apr 23 06:36:22 +0000 2022","0","BRICS + Indonesia = BRIICS","1517754232438652929","","","in","Aichi - Japan","0","0","0","https://x.com/dinojapao/status/1517754232438652929","14857326","dinojapao"
"1527642230743244806","Fri May 20 13:27:44 +0000 2022","1","üáßüá∑üá∑üá∫üáÆüá≥üá®üá≥üáøüá¶ Just IN: La Cina ha suggerito l'espansione dei BRICS attende con impazienza che Pakistan Turchia Malesia e Indonesia facciano parte dei BRICS. Il ministro degli Esteri cinese ha sottolineato la necessit√† di includere pi√π economie emergenti nell'ovile dei BRICS.","1527642230743244806","","","it","","0","0","0","https://x.com/mantovanimg/status/1527642230743244806","478889514","mantovanimg"
"1530383133647831041","Sat May 28 02:59:22 +0000 2022","132","BRI nggak pernah absen untuk menerima mahasiswa dalam Program Magang Mahasiswa Bersertifikat (PMMB) yang diselenggarakan oleh FHCI BUMN karena selaras dengan nilai yang selalu dibawa BRI Memberi Makna Indonesia.","1530383200442122241","","BANKBRI_ID","in","Jl Jend Sudirman 44-46 Jakarta","0","42","1","https://x.com/BANKBRI_ID/status/1530383200442122241","1355939492","BANKBRI_ID"
"1527510542839345152","Fri May 20 04:44:27 +0000 2022","1","Just days after the CSTO hinted at large-scale expansion China suggests expansion of BRICS to include Pakistan Turkey Malaysia and Indonesia.","1527510542839345152","","","en","","0","0","0","https://x.com/geopol_monitor/status/1527510542839345152","1690595816","geopol_monitor"
"1527339487151345672","Thu May 19 17:24:44 +0000 2022","0","#BRICS+ format meeting attended by the Foreign Ministers of 1. Argentina 2. Egypt 3. Indonesia 4. Kazakhstan 5. Nigeria 6. Saudi Arabia 7. Senegal 8. Thailand and 9. UAE.","1527339487151345672","","","en","New Delhi, LAC","1","0","0","https://x.com/rishhikesh/status/1527339487151345672","202507776","rishhikesh"
"1511613027447341059","Wed Apr 06 07:53:24 +0000 2022","401","Tunggu apalagi yuk bikin bumi dan kamu happy dengan ikutan #BritAmaFSTVL. Menangin mobil listrik Hyundai Ioniq 5 yang ramah lingkungan dengan #BukaBritAmaJamanNow via BRImo dan perbanyak transaksimu. Klik di sini untuk info selengkapnya!","1511613027447341059","","","in","Jl Jend Sudirman 44-46 Jakarta","6","68","19","https://x.com/promo_BRI/status/1511613027447341059","1398703135","promo_BRI"
"1505435726187581443","Sun Mar 20 06:47:01 +0000 2022","306","BRICS es el acr√≥nimo utilizado para asociar 5 grandes econom√≠as emergentes: Brasil Rusia India China y Sud√°frica. Mucho se ha hablado del rol de China en la guerra en Ucrania pero ¬øqu√© implicaciones tiene para Brasil India y Sud√°frica la guerra y c√≥mo han reaccionado? Abro","1505435726187581443","","","es","Mexico","14","10","124","https://x.com/B_Estefan/status/1505435726187581443","551232817","B_Estefan"
